{
    "accuracy_score": 0.9584736251402918,
    "f1_score": 0.9448584202682564,
    "precision_score": 0.9635258358662614,
    "recall_score": 0.9269005847953217,
    "roc_auc_score": 0.9780169153910885
}